train_loss,eval_loss,eval_accuracy,eval_precision,eval_recall,eval_f1,split_size
0.4147059917449951,0.4891960918903351,0.819954128440367,0.7830374753451677,0.8941441441441441,0.8349106203995794,1%
0.27833056449890137,0.31087225675582886,0.8784403669724771,0.8985849056603774,0.8581081081081081,0.8778801843317973,10%
0.3242582082748413,0.341212660074234,0.8623853211009175,0.8568281938325991,0.8761261261261262,0.8663697104677061,30%
0.35719650983810425,0.35841649770736694,0.8612385321100917,0.8854415274463007,0.8355855855855856,0.8597914252607184,50%
0.3168543577194214,0.3113033175468445,0.8772935779816514,0.9021479713603818,0.8513513513513513,0.8760139049826188,75%
0.3139965534210205,0.2952314019203186,0.9048165137614679,0.9247058823529412,0.8851351351351351,0.904487917146145,100%
