train_loss,eval_loss,eval_accuracy,eval_precision,eval_recall,eval_f1,split_size
0.30803388357162476,0.3531108796596527,0.8612385321100917,0.8302658486707567,0.9144144144144144,0.8703108252947481,1%
0.30131110548973083,0.3091561794281006,0.8784403669724771,0.9023809523809524,0.8536036036036037,0.8773148148148149,10%
0.3489021360874176,0.34729549288749695,0.8658256880733946,0.8546637744034707,0.8873873873873874,0.870718232044199,30%
0.3403681218624115,0.3408606946468353,0.8772935779816514,0.8909512761020881,0.8648648648648649,0.8777142857142857,50%
0.3366727828979492,0.3572857677936554,0.8509174311926605,0.8848039215686274,0.8130630630630631,0.8474178403755869,75%
0.39785271883010864,0.4452175796031952,0.8371559633027523,0.9217877094972067,0.7432432432432432,0.8229426433915211,100%
