train_loss,eval_loss,eval_accuracy,eval_precision,eval_recall,eval_f1,split_size
0.4531085789203644,0.42419224977493286,0.8256880733944955,0.7744360902255639,0.9279279279279279,0.8442622950819673,1%
0.3959466814994812,0.379220187664032,0.8474770642201835,0.8432671081677704,0.8603603603603603,0.8517279821627648,10%
0.3685183525085449,0.32894402742385864,0.8727064220183486,0.8775510204081632,0.8716216216216216,0.8745762711864407,30%
0.4936414062976837,0.46329614520072937,0.8474770642201835,0.7939508506616257,0.9459459459459459,0.8633093525179855,50%
0.38261160254478455,0.4065294563770294,0.8428899082568807,0.9137466307277629,0.7635135135135135,0.8319018404907976,75%
0.34559565782546997,0.3543327748775482,0.8623853211009175,0.8715596330275229,0.8558558558558559,0.8636363636363636,100%
